Video,Video title,Net Likes Gained,Net Subscribers Gained,Views,Average View Percentage,CountryCode,Popularity Factor,Dominant_Topic_Keywords
Total,,221119,183451,5568487,,,,"episode, project, reviewing, scientist, job, knn, ep"
4OZip0cgOho,How I Would Learn Data Science (If I Had to Start Over),45961,46453,1253559,37.7279724256038,US,336502.6819931064,"episode, project, reviewing, scientist, job, knn, ep"
78LjdAAw0wA,100K Channel Update + AMA Stream!,126,-3,2291,9.857863850892183,US,605.964465962723,"episode, project, reviewing, scientist, job, knn, ep"
hO_YKK_0Qck,Uber Driver to Machine Learning Engineer in 9 Months! (@Daniel Bourke) - KNN EP. 05,866,189,21350,15.814608939853333,US,5605.203652234964,"ep, knn, job, episode, scientist, project, reviewing"
uXLnbdHMf8w,Why I'm Starting Data Science Over Again.,2600,1917,49564,28.887896399432485,IN,13527.47197409986,"episode, project, reviewing, scientist, job, knn, ep"
Xgg7dIKys9E,Interview with the Director of AI Research @ NVIDIA (Anima Anandkumar) - KNN EP. 07,575,150,13429,8.921921172581783,IN,3540.7304802931453,"ep, knn, job, episode, scientist, project, reviewing"
-3d1NctSv0c,"Ken Jee Q & A Live Stream (50,000 Sub Special!)",135,-5,2326,15.034915601328258,US,617.758728900332,"episode, project, reviewing, scientist, job, knn, ep"
Ip50cXvpWY4,The Best Free Data Science Courses Nobody is Talking About,19389,10603,297222,34.97049296306158,IN,81812.24262324076,"episode, project, reviewing, scientist, job, knn, ep"
4qZINLzwYyk,The State of Data Science with Krish Naik & The Data Professor [Panel Discussion],572,297,20089,13.030884499746548,US,5242.757721124936,"episode, project, reviewing, scientist, job, knn, ep"
742LQ38OioU,"Data Science Productivity, Motivation, and Organization (ft. Data Professor & Codebasics)",186,13,3711,11.909920400445056,US,980.4774801001112,"episode, project, reviewing, scientist, job, knn, ep"
GmW4F6MHqqs,Data Science Project from Scratch - Part 2 (Data Collection),2359,911,71147,24.012289033289232,IN,18610.25307225832,"project, ep, knn, scientist, job, episode, reviewing"
Q9FjwzKFPuM,Data Science Certificate vs Bootcamp vs Masters Degree,2660,1539,92355,37.19899503821701,US,24147.799748759557,"episode, project, reviewing, scientist, job, knn, ep"
41Clrh6nv1s,How I Would Learn Data Science in 2021 (What Has Changed?),5806,3301,123515,40.647054921524365,US,33165.66176373038,"episode, project, reviewing, scientist, job, knn, ep"
8igH8qZafpo,3 Proven Data Science Projects for Beginners (Kaggle),14644,9436,237467,36.332522418210814,IN,65395.83313060455,"project, ep, knn, scientist, job, episode, reviewing"
Kq9dkZu0bpg,"Hedge Funds, Startups, and Data Science Oh my! (@DataLeap) - KNN EP. 14",242,16,6860,17.768228816431158,US,1783.942057204108,"ep, knn, job, episode, scientist, project, reviewing"
sHRq-LshG3U,Why You Probably Won't Become a Data Scientist,3096,2170,108133,45.90176208864165,US,28361.22544052216,"scientist, project, episode, reviewing, job, ep, knn"
S_CuB__nsmI,Sports Analytics & Streaming Data Science on Twitch (Nick Wan) - KNN EP. 08,178,13,4415,7.53182314377107,US,1153.3829557859428,"ep, knn, job, episode, scientist, project, reviewing"
I3FBJdiExcg,Beginner Kaggle Data Science Project Walk-Through (Titanic),4262,2545,168183,16.02613128246825,US,43751.50653282062,"project, ep, knn, scientist, job, episode, reviewing"
6aaIbd-GpZs,Should You Major in Data Science? (Jaemin Lee) - KNN EP. 04,223,24,5799,25.016806720691022,US,1517.7542016801729,"ep, knn, job, episode, scientist, project, reviewing"
QN3wXPZSjpE,Do You Have a Data Science Mentor? (@Danny Ma) - KNN EP. 06,114,1,2188,20.15814345452575,US,580.7895358636314,"ep, knn, job, episode, scientist, project, reviewing"
SVtRsDhHlDk,Why I Quit Data Science,2115,747,98777,46.91569167559924,US,25421.4789229189,"episode, project, reviewing, scientist, job, knn, ep"
zF_Q2v_9zKY,Scrape Twitter Data in Python with Twitterscraper Module,772,363,41506,36.05134786272898,IN,10669.26283696568,"episode, project, reviewing, scientist, job, knn, ep"
_rbrdNTpZGo,Building a Deep Learning BEAST (NVIDIA TITAN RTX + RYZEN 3900X),238,55,7865,27.73801195578583,US,2046.4345029889464,"episode, project, reviewing, scientist, job, knn, ep"
myhoWUrSP7o,I Built the FIRST EVER YouTube Subscriber LEADERBOARD,668,260,21008,18.732394900220516,US,5488.683098725055,"episode, project, reviewing, scientist, job, knn, ep"
2qVWurPFwfc,Is Data Science Dying?,2322,947,70043,38.31655205828779,IN,18337.57913801457,"episode, project, reviewing, scientist, job, knn, ep"
zGlJ-QndG8E,How to Get a Data Science Job at FAANG (@Data Science Jay) - KNN EP. 03,445,129,11872,30.525895642181165,US,3119.131473910545,"ep, knn, job, episode, scientist, project, reviewing"
BBDiadC8BvE,5 Essential Data Science Projects for Your Portfolio,2439,945,51092,36.653976574035575,US,13628.16349414351,"project, ep, knn, scientist, job, episode, reviewing"
mEZ1Hj5yQ-8,How to Build a Data Science Portfolio Website with Hugo & Github Pages [feat. Data Professor],1543,515,44924,11.763989729094106,IN,11748.440997432272,"episode, project, reviewing, scientist, job, knn, ep"
fhi4dOhmW-g,Data Science Project from Scratch - Part 3 (Data Cleaning),1293,512,50234,16.772043143035457,IN,13013.94301078576,"project, ep, knn, scientist, job, episode, reviewing"
yukdXV9LR48,The Projects You Should Do To Get A Data Science Job,5131,2740,131630,25.347613727479143,IN,34881.58690343187,"job, project, knn, ep, episode, reviewing, scientist"
g7on3Rw0Ovg,Fast Cars to Faster Data (Alex Castrounis) - KNN EP. 12,74,0,1823,14.095469663975791,US,477.773867415994,"ep, knn, job, episode, scientist, project, reviewing"
hOUrxTeBJQc,The 7 Biggest Data Science  Beginner Mistakes,2239,1030,48261,46.82632205772242,US,12894.20658051443,"episode, project, reviewing, scientist, job, knn, ep"
xpIFS6jZbe8,How I Would Learn Data Science in 2022 (If I Had to Start Over),4360,2507,79283,37.80295086376022,IN,21546.95073771594,"episode, project, reviewing, scientist, job, knn, ep"
SLC5sPZSLY4,How YOU Can Land a Sports Analytics Job,2306,1844,50498,37.99144520832539,US,13671.49786130208,"job, project, knn, ep, episode, reviewing, scientist"
m5pwx3hgtzM,3 Reasons You Should NOT Become a Data Scientist,2690,1135,93329,47.66315675802715,US,24300.41578918951,"scientist, project, episode, reviewing, job, ep, knn"
n3vw0M5RrPU,How I Learned Data Science,2261,2039,87169,30.7779728546742,US,22874.94449321367,"episode, project, reviewing, scientist, job, knn, ep"
zSwM5uVeylU,Math Needed for Mastering Data Science,2514,873,48401,49.17828488757597,US,12959.294571221892,"episode, project, reviewing, scientist, job, knn, ep"
qV_AlRwhI3I,What is the #66DaysOfData?,1814,2362,52921,29.775866333979508,IN,14281.693966583494,"episode, project, reviewing, scientist, job, knn, ep"
1aXk2RViq3c,How to Make A Data Science Portfolio Website with Github Pages,2746,1225,69141,24.30956850522424,US,18284.077392126303,"episode, project, reviewing, scientist, job, knn, ep"
QWgg4w1SpJ8,Data Science Project from Scratch - Part 4 (Exploratory Data Analysis),1401,567,47193,13.123183113593663,IN,12293.5307957784,"project, job, scientist, episode, knn, ep, reviewing"
BZFfNwj7JhE,Different Data Science Roles Explained (by a Data Scientist),1489,854,44974,55.381339103595806,US,11843.0953347759,"scientist, project, episode, reviewing, job, ep, knn"
MpF9HENQjDo,Data Science Project from Scratch - Part 1 (Project Planning),3176,3162,102854,30.369772841975813,IN,27305.59244321049,"project, ep, knn, scientist, job, episode, reviewing"
XjC3FPL-S78,Why You're Struggling to Learn Data Science,991,228,14552,51.92721592497013,IN,3955.7318039812426,"episode, project, reviewing, scientist, job, knn, ep"
a3VWq9smqhM,How to ULTRALEARN Data Science,3505,2117,55316,40.89967990389663,US,15244.724919975974,"episode, project, reviewing, scientist, job, knn, ep"
domVw8isGOI,How I Chose My Masters Degree for Breaking into Data Science,519,170,18633,45.918571502043626,US,4841.979642875511,"episode, project, reviewing, scientist, job, knn, ep"
 -pdXWmj9xxU,How I Learn Data Science Through Studying Other People's Code | #66DaysOfData,688,99,10588,,,,"episode, project, reviewing, scientist, job, knn, ep"
7JCterBrcvk,Discouraged with Data Science? - Watch THIS video.,387,36,6825,38.73878284655622,IN,1821.684695711639,"episode, project, reviewing, scientist, job, knn, ep"
xjhW1rSQeik,Data Science Advice for College Students,1774,1699,62154,24.234754701521418,US,16412.80868867538,"episode, project, reviewing, scientist, job, knn, ep"
EMq4PH7PCeA,How to Go From Data Analyst to Data Scientist,1173,589,40202,46.40382896011209,US,10502.600957240027,"scientist, project, episode, reviewing, job, ep, knn"
SsGKZe4dVyk,How a Subscriber Landed a Data Analyst Job in Less Than a Year (Ray Ojel) - KNN EP. 09,1021,272,25141,21.27089592603167,US,6613.817723981508,"ep, knn, job, episode, scientist, project, reviewing"
S4Lei5mOppc,How I Learned to Learn.,1443,313,23506,33.00450083828972,US,6323.751125209573,"episode, project, reviewing, scientist, job, knn, ep"
ji7DtgUeKCI,7 Things to Look For in a Masters For Data Science (feat. @Tina Huang),609,122,18307,46.50437186342295,US,4771.126092965856,"episode, project, reviewing, scientist, job, knn, ep"
r-DR9HBaipU,Kaggle Project From Scratch - Part 1 (Data Science Profession Survey),943,365,25722,24.820907968969223,IN,6763.705226992242,"project, ep, knn, scientist, job, episode, reviewing"
vQGJvmhpq_s,The Plagiarism Problem in Data Science,620,123,12675,44.426553998363055,US,3365.60663849959,"episode, project, reviewing, scientist, job, knn, ep"
WRF_dKZ_i24,Sh*t Data Scientists Say (Parody),562,9,8724,66.60976413679211,US,2340.402441034198,"scientist, project, episode, reviewing, job, ep, knn"
8nTmuKI2oyA,How I Use Data to Optimize My Life | What I Collect & How I Analyze It,451,57,9135,40.58120531948767,US,2420.895301329872,"episode, project, reviewing, scientist, job, knn, ep"
QQLToUlgN7A,The Best Computer for Data Science Beginners,655,295,27597,40.55809868684449,US,7146.889524671711,"episode, project, reviewing, scientist, job, knn, ep"
iGUiLWFDWfk,Don't Buy My Course..,351,25,7196,30.247084486497744,US,1900.5617711216244,"episode, project, reviewing, scientist, job, knn, ep"
jf3j0lWmFPU,The 5 Pillars of Success I Live By,860,62,9743,43.74705765874551,US,2677.1867644146864,"episode, project, reviewing, scientist, job, knn, ep"
o-wsyxWbPOw,We Need to Talk About The LinkedIn Machine Learning Assessment.,580,68,11808,41.94499285606745,US,3124.486248214017,"episode, project, reviewing, scientist, job, knn, ep"
YR9Faf1uZDg,Unboxing the Ultimate Z by HP Data Science Package (FIRST EVER HP Workstation w/ Data Science Stack),352,77,9268,31.966604703686173,IN,2432.2416511759216,"episode, project, reviewing, scientist, job, knn, ep"
vwvdtXMcNzI,Why Is Data Engineering So HOT Right Now?,777,262,17268,46.27934915792541,IN,4588.319837289481,"episode, project, reviewing, scientist, job, knn, ep"
FqNpDNmpcEo,How Zillow Lost $500 MILLION With Machine Learning,865,126,16933,45.25936765246623,US,4492.314841913117,"episode, project, reviewing, scientist, job, knn, ep"
Uf0dO-pgOrk,Dealing with Doubt in Data Science (My Impostor Syndrome Story),442,49,6282,54.98154154004322,US,1706.9953853850109,"episode, project, reviewing, scientist, job, knn, ep"
rEWPqw6rMGI,The Only Data Science Explanation You Need,717,108,10277,35.23458298126652,US,2784.3086457453164,"episode, project, reviewing, scientist, job, knn, ep"
uic34RTaI-w,How I Balance Data Science and Content Creation (7 Secrets),284,32,6776,27.4017803173284,US,1779.850445079332,"episode, project, reviewing, scientist, job, knn, ep"
KU__lDJj5iU,How Data Science Projects Pay Off,562,131,9342,44.76829064235964,US,2519.94207266059,"project, ep, knn, scientist, job, episode, reviewing"
KQ80oD_boBM,Kaggle Project From Scratch - Part 2 (Exploratory Data Analysis),555,125,14711,17.25415922921934,IN,3852.063539807305,"project, ep, knn, scientist, job, episode, reviewing"
7O4dpR9QMIM,Data Science Project from Scratch  - Part 5 (Model Building),636,195,27648,15.311438730174949,IN,7123.577859682544,"project, ep, knn, scientist, job, episode, reviewing"
AqPquogHwq0,Where to Start Learning Data Science,717,186,16882,51.83272524602629,IN,4459.208181311506,"episode, project, reviewing, scientist, job, knn, ep"
UcilY6HDuL8,10000 Subscriber and 100th Video Special (Data Science),145,51,3064,25.488214615692943,US,821.3720536539232,"episode, project, reviewing, scientist, job, knn, ep"
agHKuUoMwvY,Data Science Project from Scratch - Part 7 (Documenting Your Work),537,147,12427,18.65617419024527,IN,3282.414043547561,"project, ep, knn, scientist, job, episode, reviewing"
3Mm1U1CbzNw,Is Data Science Right For You?,834,714,44051,41.14572464419367,US,11410.036431161048,"episode, project, reviewing, scientist, job, knn, ep"
35g8fCi-kbw,7 Incredible Books That Transformed My Health and My Life,342,23,6192,27.812606879841468,US,1646.2031517199605,"episode, project, reviewing, scientist, job, knn, ep"
OtqQYqRNDGI,√∞¬ü¬å¬∂ Hot Topics in Tech: Data Science Explained #SHORTS,354,35,8009,61.25898410450391,IN,2114.814746026126,"episode, project, reviewing, scientist, job, knn, ep"
RRSRKf9eQxc,Should You Get A Masters in Data Science?,266,79,18488,44.70426154678709,US,4719.426065386697,"episode, project, reviewing, scientist, job, knn, ep"
YbTMIxjk4hI,The YouTube Algorithm EXPLAINED! (Tips from a Data Scientist),519,102,5700,43.174553853619024,US,1591.0436384634047,"scientist, project, episode, reviewing, job, ep, knn"
k8YxyrcAXJs,Is Data Visualization Important for Data Science? (A Data Scientist's Perspective),479,47,10403,41.085203941631605,US,2742.521300985408,"scientist, project, episode, reviewing, job, ep, knn"
hcHSSyHbgMQ,My Regrets as a Data Science Student,740,157,20150,46.44486592146947,US,5273.361216480367,"episode, project, reviewing, scientist, job, knn, ep"
XGBigjVy2Eo,The Secret Data Scientists Don't Want You to Know,1074,188,9503,61.66112299382392,US,2706.665280748456,"scientist, project, episode, reviewing, job, ep, knn"
UpaEjBOMNqs,5 Proven Strategies to Break into a Data Science Job,354,38,8168,49.61487365141651,US,2152.4037184128542,"job, project, knn, ep, episode, reviewing, scientist"
rdo8YBasqqA,Reviewing Your Data Science Projects - Episode 13 (BONUS LinkedIn Review),246,30,5106,30.691631880703078,IN,1353.172907970176,"project, reviewing, episode, scientist, job, ep, knn"
yUrrf3Pm33s,Find a Data Science Project With These 3 Techniques,592,83,13931,42.7931302810265,US,3662.1982825702567,"project, ep, knn, scientist, job, episode, reviewing"
1FrY7ARSf10,9 Ways You Can Make Extra Income as a Data Scientist,1543,603,39347,36.52067317042,US,10382.380168292604,"scientist, project, episode, reviewing, job, ep, knn"
NCyPY-jfb3I,How to Scrape NBA Data Using the nba_api Python Module,425,209,11724,25.322861892685548,US,3095.8307154731715,"episode, project, reviewing, scientist, job, knn, ep"
_0rHU6qAQe0,git for Data Science Made Simple... (Hopefully),631,113,12643,43.6969063278904,US,3357.674226581973,"episode, project, reviewing, scientist, job, knn, ep"
pPfw2fzwNiM,MARCH MADNESS - Will My Machine Learning Model Beat Your Bracket?,258,275,9370,20.71879184221379,US,2480.9296979605533,"episode, project, reviewing, scientist, job, knn, ep"
4039x4r-hGE,6 Lessons from #66DaysOfData,335,27,6352,32.00099269645036,IN,1686.5002481741126,"episode, project, reviewing, scientist, job, knn, ep"
KfpOuSH9gDc,Kaggle vs Github - Which is Best for Your Data Science Portfolio?,405,34,8832,47.622328231057445,IN,2329.655582057764,"episode, project, reviewing, scientist, job, knn, ep"
WnB1jsDu900,Reviewing Your Data Science Projects - Episode 8 (College Student Help),161,10,4050,29.4108029906737,IN,1062.6027007476685,"project, reviewing, episode, scientist, job, ep, knn"
lUUqrRgerd8,What It's Like to be a Socially Distanced Data Scientist (A Day in the Life),437,238,14348,28.47216063387013,US,3762.868040158468,"scientist, project, episode, reviewing, job, ep, knn"
4CpmB4TR2C4,Work From Home Data Scientist: Day in the Life,684,412,26586,46.26476538741308,US,6932.066191346853,"scientist, project, episode, reviewing, job, ep, knn"
nrEJGGxcoTc,Is Your Phone REALLY Listening to You?,267,1,4569,50.94219900655871,US,1221.9855497516396,"episode, project, reviewing, scientist, job, knn, ep"
C4OPn58BLaU,How to Set Up Your Data Science Environment (Anaconda Beginner),1563,1193,75351,35.55303235781582,US,19535.638258089453,"episode, project, reviewing, scientist, job, knn, ep"
ITAxTid_1YU,My Daily Battle With Time - Will I Win? [Vlog],191,2,3615,49.96780860611021,US,964.4919521515276,"episode, project, reviewing, scientist, job, knn, ep"
n7kjelw9s2w,Why Kaggle Should Be Your Favorite Data Science Resource #shorts,628,87,14780,63.70429894212324,IN,3889.6760747355306,"episode, project, reviewing, scientist, job, knn, ep"
nUOh_lDMHOU,Data Science Project from Scratch -  Part 6 (Putting the Model into Production),538,129,18329,14.187035710129503,IN,4752.546758927532,"project, ep, knn, scientist, job, episode, reviewing"
 -ONQ628CXKQ,Data Scientist Reacts: REAL Data Science Job Application Data,567,352,20158,,,,"scientist, project, episode, reviewing, job, ep, knn"
oHUD2T_VXfI,Reviewing Your Data Science Projects - Episode 18 (Job-Worthy GitHub),713,120,14382,32.950897444261045,US,3811.9877243610654,"project, reviewing, episode, scientist, job, ep, knn"
T77uVbLhroQ,How I Got My First Data Science Internship (And How You Can Land One),998,494,20328,39.01293081579277,US,5464.753232703948,"episode, project, reviewing, scientist, job, knn, ep"
lsXWVPzwZPk,Critiquing MY OWN Data Science Resume,366,50,10854,28.766615712947008,US,2824.691653928237,"episode, project, reviewing, scientist, job, knn, ep"
5v_ulmGv-gc,Inside the Mind of the Ultimate Kaggle Grandmaster (@Abhishek Thakur ) - KNN EP. 10,558,119,13159,20.10898459934933,IN,3464.027246149837,"ep, knn, job, episode, scientist, project, reviewing"
BlSrorP32WM,Why I Have 2 Offices for Data Science & Content Creation,133,7,3543,38.74725437426861,US,930.4368135935672,"episode, project, reviewing, scientist, job, knn, ep"
HJH0gfY6EUg,Reviewing Your Data Science Projects - Episode 5 (Very Detailed Project),303,349,20655,24.75291032881628,US,5332.9382275822045,"project, reviewing, episode, scientist, job, ep, knn"
6tQtwqthUMI,My First Data Science Contracting Side-Gig (How I Did It),489,104,8643,44.35425289930862,US,2320.088563224828,"episode, project, reviewing, scientist, job, knn, ep"
AxP1CL0yaFQ,Should You Learn R for Data Science?,431,137,15243,53.16929906368144,US,3966.042324765921,"episode, project, reviewing, scientist, job, knn, ep"
d6FeV8WXPWY,5 Unusual Data Science Projects that Will Land You a Job,461,45,7354,53.19533351925394,US,1978.2988333798132,"job, project, knn, ep, episode, reviewing, scientist"
tnpV1etgcxs,The PODCAST you might have asked for?,90,1,1836,26.694767005854043,US,488.42369175146354,"episode, project, reviewing, scientist, job, knn, ep"
8Pi36Nj6P9A,What is Pandas? (Data & Data Science) #shorts,477,57,12931,62.50378124017909,IN,3381.8759453100447,"episode, project, reviewing, scientist, job, knn, ep"
PWmxLYTixAM,Reviewing Your Data Science Resumes - Episode 12 (3 Different Resumes!),461,194,21053,22.60756600894566,US,5432.651891502236,"project, reviewing, episode, scientist, job, ep, knn"
vfV4nm004VQ,How She Dominated the FAANG Data Science Interview  (@Tina Huang ) - KNN EP. 11,512,115,15766,14.253652152526117,US,4101.813413038131,"ep, knn, job, episode, scientist, project, reviewing"
0jTtHYie3CU,Should You Be Excited About Web 3? (As a Data Scientist),259,4,4383,43.09918036809816,US,1172.2747950920243,"scientist, project, episode, reviewing, job, ep, knn"
VN12ZPFsApM,How To Learn Programming for Data Science [3 Steps],1774,503,25616,42.56706692581998,US,6983.891766731455,"episode, project, reviewing, scientist, job, knn, ep"
XWetgrNas-k,What Does a Data Scientist Actually Do?,895,326,25402,49.19228486436525,US,6668.048071216092,"scientist, project, episode, reviewing, job, ep, knn"
cnqTU6eJwH0,The TRUTH About My First Data Science Project,227,12,3966,49.38535975229358,US,1063.5963399380737,"project, ep, knn, scientist, job, episode, reviewing"
s1gD35Z4eUc,Why are APIs Important for Data Science?,349,69,6540,58.45697468029852,US,1754.1142436700743,"episode, project, reviewing, scientist, job, knn, ep"
IoUWD1h6xUs,A Quick Data Science Project Tip! #SHORTS,707,65,12328,60.088360957076816,IN,3290.0220902392693,"project, ep, knn, scientist, job, episode, reviewing"
fU3DOXjwufg,What is the Future of my Comment Leaderboard Project?,196,92,4912,22.79306072482966,US,1305.6982651812075,"project, ep, knn, scientist, job, episode, reviewing"
15c7WD-lKUY,ML Ops: What is it REALLY?,218,13,4252,48.09293423451143,US,1132.773233558628,"episode, project, reviewing, scientist, job, knn, ep"
pWVQ0vN5uig,How To Get Data Science Experience (Without a Job),1255,594,26360,39.43152488668626,US,7062.107881221672,"job, project, knn, ep, episode, reviewing, scientist"
2OnXytYziF0,What is Sports Analytics Really?,421,226,13322,44.27256200042867,US,3503.318140500108,"episode, project, reviewing, scientist, job, knn, ep"
Z_KFh-HqaBA,I Wish I Had Known THIS Before Starting in Data Science,985,268,23397,45.05982528426696,US,6173.764956321067,"episode, project, reviewing, scientist, job, knn, ep"
DM1eE_Coh6g,Avoid These Data Science Resume Mistakes!,1032,355,22787,42.20774764060012,US,6054.05193691015,"episode, project, reviewing, scientist, job, knn, ep"
GO420aMtHfk,Kaggle Project From Scratch - Part 3 (Advanced Graphs & Gender Imbalance Analysis),238,34,6827,8.771487597580151,US,1776.942871899395,"project, ep, knn, scientist, job, episode, reviewing"
hpMc6TgT34I,The 5 Stages of Learning Data Science,1194,273,15398,51.27838350341361,US,4229.069595875853,"episode, project, reviewing, scientist, job, knn, ep"
jam0xApfC-U,Reviewing Your Data Science Projects - Episode 3 (Student Portfolio),136,63,4028,28.19614552158834,US,1063.7990363803972,"project, reviewing, episode, scientist, job, ep, knn"
tJI-1mHeXoA,How to Build a Website  - Building my ULTIMATE Portfolio Website,144,8,5483,12.443965027710032,US,1411.8609912569275,"episode, project, reviewing, scientist, job, knn, ep"
txR8_jGi0Ls,Reviewing Your Data Science Projects - Episode 7 (Incredible Portfolio Website),301,28,8778,25.72727912542562,IN,2283.1818197813564,"project, reviewing, episode, scientist, job, ep, knn"
8Vxjp2KVHqs,Reviewing Your Data Science Projects - Episode 21(The Cleanest Portfolio),370,72,8700,27.40678584134588,US,2292.3516964603364,"project, reviewing, episode, scientist, job, ep, knn"
Ft4GVkQQtgk,Data Science Resume Round-Up With @Tina Huang  - Episode 1,256,44,9054,18.82484429340102,US,2343.2062110733505,"episode, project, reviewing, scientist, job, knn, ep"
4yI3vVe0Jos,Data Science Fundamentals: Data Cleaning in Python,293,129,10430,14.575576650021343,US,2716.643894162505,"episode, project, reviewing, scientist, job, knn, ep"
N97MhZEp2UQ,Advice from a Data Analytics CEO (@How to Get an Analytics Job) - KNN EP. 17,312,59,9457,19.63818356038052,US,2461.909545890095,"ep, knn, job, episode, scientist, project, reviewing"
 -zbLpoJVBMI,What the Heck is WSL 2? (My New Favorite Tool),231,7,5004,,,,"episode, project, reviewing, scientist, job, knn, ep"
TjGFBQC27ng,Business Skills for Data Science: What are they REALLY?,224,21,4413,38.09112192571568,US,1174.022780481429,"episode, project, reviewing, scientist, job, knn, ep"
UKuK2fXu_dU,Why Data-Viz is so Darn Important (@Story by Data | Kate Strachnyi) - KNN EP. 16,276,22,6692,15.637454105504368,US,1751.4093635263762,"ep, knn, job, episode, scientist, project, reviewing"
vy-R4oUZaC8,Data Science Project Example Start to Finish (Deep Learning Image Classifier),382,171,9757,15.253046882598415,IN,2581.3132617206497,"project, ep, knn, scientist, job, episode, reviewing"
Z9dGmL2G-4k,Data Science Fundamentals: Data Exploration in Python (Pandas),417,168,13658,23.976691018722686,US,3566.7441727546807,"episode, project, reviewing, scientist, job, knn, ep"
q6Lf2yhvluw,Reviewing Your Data Science Projects - Episode 17 (Best Portfolio Website Yet?),378,95,9384,24.821362558627204,US,2470.4553406396567,"project, reviewing, episode, scientist, job, ep, knn"
qfRhKHV8-t4,Predicting Crypto-Currency Price Using RNN lSTM & GRU,229,110,16558,33.77448896208091,US,4232.69362224052,"episode, project, reviewing, scientist, job, knn, ep"
1Ir1NgCuI0Y,Data Science Resume Round-Up With @Tina Huang  | Episode 3,116,13,5011,11.90490357039753,US,1287.9762258925994,"episode, project, reviewing, scientist, job, knn, ep"
74Z3F7i4qcI,5 Sports Analytics Books to Get You Started,273,135,7386,36.8004512312709,US,1957.7001128078175,"episode, project, reviewing, scientist, job, knn, ep"
DW55gaQ_Egk,Reviewing Your Data Science Projects - Episode 1 (Exploratory Analysis),327,137,7480,32.83218424628634,US,1994.208046061572,"project, reviewing, episode, scientist, job, ep, knn"
UuR3nomI5AE,Reviewing Your Data Science Projects - Episode 14 [Deep Learning Focus],185,27,4470,22.369937961568347,IN,1176.092484490392,"project, reviewing, episode, scientist, job, ep, knn"
akbU9KOo_Qc,How to Stay Productive & Motivated When Learning Data Science,500,129,9669,37.99831414152549,US,2583.9995785353813,"episode, project, reviewing, scientist, job, knn, ep"
KHAuuOQui2U,What You Need to Know for a Data Science Internship,795,277,12317,54.81000985610797,US,3360.952502464027,"episode, project, reviewing, scientist, job, knn, ep"
dlZWB2D-NaQ,The 4 Types of Sports Analytics Projects,633,516,17982,41.548107793582666,US,4793.137026948396,"project, ep, knn, scientist, job, episode, reviewing"
iiSZqsQKNX8,#66DaysOfData - What is it? #shorts,293,41,6101,63.327199700227965,IN,1624.5817999250569,"episode, project, reviewing, scientist, job, knn, ep"
n6MiRgxN5iA,Why EVERYONE Should Start a Podcast (Including YOU),188,4,3092,40.19904680035889,US,831.0497617000897,"episode, project, reviewing, scientist, job, knn, ep"
omdhf8d53FM,Land a Data Science Job in a Different Country (Vijay Pravin Maharajan) - KNN EP. 13,199,20,4885,11.533710907169676,IN,1278.8834277267924,"ep, knn, job, episode, scientist, project, reviewing"
B1g_yMKpdwo,Reviewing Your Data Science Projects - Episode 10 (Leveraging Your Data),174,25,4227,27.99185052415266,US,1113.4979626310385,"project, reviewing, episode, scientist, job, ep, knn"
SaWxVk7rDp4,What is a lambda function (python)? #shorts,524,67,8275,68.15100969198194,IN,2233.537752422996,"episode, project, reviewing, scientist, job, knn, ep"
_K6cNdgN3CI,Reviewing Your Data Science Projects - Episode 4 (Resume & Github),133,188,10762,20.298517685208036,US,2775.8246294213022,"project, reviewing, episode, scientist, job, ep, knn"
f6NPw582FFc,Data Science Explained with ... Cooking?,257,46,3947,44.67751382136488,US,1073.6693784553413,"episode, project, reviewing, scientist, job, knn, ep"
7VcdvSyoxnc,His Startup Will Land You a Data Science Job (Jeremie Harris) - KNN EP. 15,180,14,4566,11.951031091117889,US,1192.9877577727796,"ep, knn, job, episode, scientist, project, reviewing"
mR2NCRgtLPE,Reviewing Your Data Science Projects - Episode 6 (Only 3 months of coding experience),148,53,5504,25.310891529110496,US,1432.5777228822776,"project, reviewing, episode, scientist, job, ep, knn"
oMdVg6GPODA,Why Right NOW is a Great Time to Learn Data Science,259,38,4027,55.78829117931426,US,1094.9470727948285,"episode, project, reviewing, scientist, job, knn, ep"
2KkrtG5IsHo,Reviewing Your Data Science Projects - Episode 11(GITHUB CLEANING),130,16,3352,32.71366303157928,US,882.6784157578949,"project, reviewing, episode, scientist, job, ep, knn"
ammCGdzSoag,Building a Burrito Dashboard - Data Science Project from Scratch with atoti,189,36,5883,7.93928263667473,US,1528.9848206591687,"project, ep, knn, scientist, job, episode, reviewing"
irjTWNV0eAY,How to Simulate NBA Games in Python,306,150,13742,28.68984148439504,US,3556.6724603710986,"episode, project, reviewing, scientist, job, knn, ep"
rLawTH--l2Y,Reviewing Your Data Science Projects - Episode 19 (One Big Improvement),164,12,3615,33.66914770145208,US,956.167286925363,"project, reviewing, episode, scientist, job, ep, knn"
yIJrCFXs0rU,Data Science Fundamentals: Data Manipulation in Python (Pandas),243,62,8633,15.027810298511293,US,2238.256952574628,"episode, project, reviewing, scientist, job, knn, ep"
EAezvs0eL1s,Data Science Fundamentals: Linear Regression,140,44,4844,12.556151002020316,US,1260.1390377505052,"episode, project, reviewing, scientist, job, knn, ep"
KEBVcVwFzaI,Reviewing Your Data Science Projects - Episode 15 (Quant Finance),268,89,7705,24.509853975977496,US,2021.6274634939944,"project, reviewing, episode, scientist, job, ep, knn"
imMPnCHvbkY,The Data Science Projects that Got Me a Job,1190,715,33396,44.4706187446349,IN,8836.367654686159,"job, project, knn, ep, episode, reviewing, scientist"
6fwyyRgZlD0,Reviewing Your Data Science Projects - Episode 9 (Professional Violinist),82,5,2242,22.153428049007523,IN,587.7883570122519,"project, reviewing, episode, scientist, job, ep, knn"
QBIe4nbmZfA,Reviewing Your Data Science Projects - Episode 2 (Resume and Portfolio),169,59,4581,30.853073506703783,US,1209.9632683766758,"project, reviewing, episode, scientist, job, ep, knn"
tG_UW_p0UqE,Is Spotify Shuffle Really Random? #Shorts,383,20,6579,72.61729448311866,IN,1763.6543236207797,"episode, project, reviewing, scientist, job, knn, ep"
9D7GzskcyUk,5 Tips for Crushing the Work From Home Life,186,48,4934,40.94969844083244,US,1302.237424610208,"episode, project, reviewing, scientist, job, knn, ep"
apf6A3Nstm8,Reviewing Your Data Science Projects - Episode 20 (Bootcamp Capstone),156,28,3673,27.354423138878285,US,971.0886057847196,"project, reviewing, episode, scientist, job, ep, knn"
RAMxzqSMDKE,Reviewing Your Projects - Episode 16 (Project Review for Beginners),130,14,2998,25.710938393244,US,791.927734598311,"project, reviewing, episode, scientist, job, ep, knn"
VvnOXDCVm8k,Project Presentation - Expectations vs. Reality (funny) #shorts,225,-2,5932,76.12642943286309,IN,1557.7816073582158,"project, ep, knn, scientist, job, episode, reviewing"
68GGPK3WaqI,Data Science Project - Expectations vs Reality (funny) #shorts,474,36,14136,71.13108099451098,IN,3679.282770248628,"project, ep, knn, scientist, job, episode, reviewing"
sICJ6a2wX5g,#66DaysOfData - 3 Reasons to Start!,179,4,3443,51.69432862925417,IN,919.4235821573136,"episode, project, reviewing, scientist, job, knn, ep"
5SjK6YCs4o4,The Data Science Interview: What to Expect,320,58,6185,39.097822664338494,US,1650.5244556660846,"episode, project, reviewing, scientist, job, knn, ep"
WKXtTo7lqmA,Data Science Fundamentals: SQL Queries,168,56,4774,12.26383135151307,US,1252.5659578378782,"episode, project, reviewing, scientist, job, knn, ep"
9ZwVqXUHf6o,When Data Science Goes Wrong,103,19,1668,50.23723370265254,US,460.0593084256631,"episode, project, reviewing, scientist, job, knn, ep"
ELFGsNqZrlM,Is it Important to Share Your Data Science Work? (Ft. Eric Weber),94,10,1795,22.399545913058077,US,480.3498864782645,"episode, project, reviewing, scientist, job, knn, ep"
LGEuDWjWQes,Applying Data Science To My YouTube Data: My Surprising Findings,128,112,5642,17.578125649062393,IN,1474.8945314122657,"episode, project, reviewing, scientist, job, knn, ep"
ZWdyBbgGZBQ,Sports Analytics 101: The Pythagorean Theorem of Sports,212,87,4343,49.48783580167223,US,1172.871958950418,"episode, project, reviewing, scientist, job, knn, ep"
Zz_Mx1UPswI,Thank You For The Support | What's Next | Ken Jee | Data Science,24,7,506,40.13402894660542,US,144.28350723665136,"episode, project, reviewing, scientist, job, knn, ep"
ei1m5lDQyBg,Data Science in Sports - Talk for Northwestern (Kellogg) MBA Students,78,28,2794,19.634005994459,US,729.9085014986148,"episode, project, reviewing, scientist, job, knn, ep"
q8cEt8gj3zY,"Data Science, Machine Learning, and AI: What's the Difference?",129,57,4722,55.34763528236828,US,1240.836908820592,"episode, project, reviewing, scientist, job, knn, ep"
143WWA5Sy9k,I Eat a Papaya Live on Stream (Plus Q&A for 150K Subs!),87,-21,2271,4.653192751023243,US,585.4132981877558,"episode, project, reviewing, scientist, job, knn, ep"
3BEtGaz70rQ,How Far Should the NBA 3-Point Line Actually Be?,86,17,2312,38.25914898039071,US,613.3147872450977,"episode, project, reviewing, scientist, job, knn, ep"
3TrAYmrmA8o,The 9 Books That Changed My Perspective in 2019,173,21,3037,23.918821538074152,US,813.7297053845185,"episode, project, reviewing, scientist, job, knn, ep"
DopikusDfk0,Collision Course: Sports Betting + Data Science,334,223,10291,42.84960731909814,US,2722.7124018297745,"episode, project, reviewing, scientist, job, knn, ep"
qP0hRF-lGqg,The Problem with Data Science,135,41,3301,52.47218372024767,US,882.368045930062,"episode, project, reviewing, scientist, job, knn, ep"
2RWwN5ZT4tA,Should  @Luke Barousse Take This Data Analyst Job? (Funny) #Shorts,75,0,2401,67.3609248878788,US,635.8402312219697,"job, project, knn, ep, episode, reviewing, scientist"
T7BQJJIGrmc,Data Science: Pros and Cons,176,43,3919,44.85681757828591,US,1045.7142043945714,"episode, project, reviewing, scientist, job, knn, ep"
 -kX2b6TF_9k,By The Numbers: Where Should The NBA Put a 4 Point Line?,64,10,2344,,,,"episode, project, reviewing, scientist, job, knn, ep"
IFceyuL6GZY,How I Became A Data Scientist From a Business Background,164,81,5515,39.36780514853342,US,1449.8419512871333,"scientist, project, episode, reviewing, job, ep, knn"
scSc6YSanQ0,How Statistics Saved the US SERIOUS $$$$ During WW2 #Shorts,207,2,3130,68.0361153110826,US,851.7590288277706,"episode, project, reviewing, scientist, job, knn, ep"
sq5TnVJWv6A,Where YOU Should Start With Data Science Projects,216,62,8026,27.27434157787704,IN,2082.818585394469,"project, job, scientist, episode, knn, ep, reviewing"
1Cf7SdnBncg,My Top 5 Data Science Internship Tips,385,165,8420,44.606354336336565,US,2253.651588584084,"episode, project, reviewing, scientist, job, knn, ep"
3bes4U4MHPg,How to Integrate Data Science into Your Business,81,27,1831,51.76480974809677,US,497.6912024370242,"episode, project, reviewing, scientist, job, knn, ep"
Fs_LG5Y8GIU,Can You Learn Data Science Without a Computer?,86,15,1102,54.154848706369286,IN,314.2887121765923,"episode, project, reviewing, scientist, job, knn, ep"
_CS4u9cORwA,Was Captain Marvel Bad? A Sentiment Analysis of Twitter Data,160,63,3673,38.576769842988384,US,983.6441924607471,"episode, project, reviewing, scientist, job, knn, ep"
BXmEmIK5aqI,The 5 Stages of Data Science Adoption,54,14,973,46.30914662114723,US,271.8272866552868,"episode, project, reviewing, scientist, job, knn, ep"
aaAZXeuPIXk,How Much Did Cheating Help the Astros Win? (What the Numbers Say),42,7,959,43.95065047022133,US,262.9876626175553,"episode, project, reviewing, scientist, job, knn, ep"
6sJEnzDjJqI,Where to Look for Data Science Jobs,98,19,2583,40.70638582970194,US,685.1765964574255,"job, project, knn, ep, episode, reviewing, scientist"
9-2OKLZfvbE,Questions You Should Ask Your Data Science Interviewers,118,19,2134,45.53400830198894,US,579.1335020754973,"episode, project, reviewing, scientist, job, knn, ep"
KMOA5arCi8g,What I Learned From My Three Degrees,55,13,1079,40.23811978581972,US,296.8095299464549,"episode, project, reviewing, scientist, job, knn, ep"
RRXWJVX0fE8,6 Habits of Successful Data Scientists,79,26,1591,44.489453576875874,US,435.12236339421895,"scientist, project, episode, reviewing, job, ep, knn"
XTrlMQXYqts,Why You DON'T Want to be a WFH Data Scientist,28,4,664,49.07871179684857,US,186.2696779492121,"scientist, project, episode, reviewing, job, ep, knn"
Y_SMU701qlA,Predicting Season Long NBA Wins Using Multiple Linear Regression,157,33,6863,27.973875297517527,US,1770.2434688243793,"episode, project, reviewing, scientist, job, knn, ep"
a-Syoa9mPhM,Take Your Data Science Projects From Good to Great,100,13,1414,39.56995974226236,US,391.6424899355656,"project, ep, knn, scientist, job, episode, reviewing"
fjVVtvp5X0w,Why Selling Is An Important Data Science Skill,69,9,1418,35.02504951567865,US,382.7562623789197,"episode, project, reviewing, scientist, job, knn, ep"
iqG59TqfFdY,5 Data Science Resolutions for 2020,24,3,455,43.59090739614817,US,131.39772684903704,"episode, project, reviewing, scientist, job, knn, ep"
sCOX5yShmFA,The Best Way to Predict NBA Minutes Played,85,44,3094,32.72018155656497,US,813.9300453891412,"episode, project, reviewing, scientist, job, knn, ep"
tv1e22u2COk,My Top 5 Data Science Resources for 2019,111,39,3406,32.9138634233461,US,897.2284658558365,"episode, project, reviewing, scientist, job, knn, ep"
3cDM9Z-fdz4,Golf STATS: Strokes Gained Explained,106,43,4151,53.33529450908728,US,1088.3338236272718,"episode, project, reviewing, scientist, job, knn, ep"
3ysXGYjvbSU,Why is Balance Important in Data Science?,31,1,612,54.29248607082796,US,174.573121517707,"episode, project, reviewing, scientist, job, knn, ep"
XoUyK3XHZHs,Watch This Before Applying to Data Science Jobs,52,15,1261,38.5382368551555,US,341.63455921378886,"job, project, knn, ep, episode, reviewing, scientist"
foggudmDDvY,Data Science in Golf: PGA Merchandise Show 2020,18,2,482,41.17861732505904,US,135.79465433126475,"episode, project, reviewing, scientist, job, knn, ep"
k4r_NtB4JVQ,Golf: Would You Rather Be the LONGEST or STRAIGHTEST Driver on the PGA Tour?,40,15,816,36.37822643886327,US,226.84455660971585,"episode, project, reviewing, scientist, job, knn, ep"
1UjMBw_7Gi8,Data Science: Startup vs. Large Corporation,61,19,1703,48.60976614906039,US,457.9024415372651,"episode, project, reviewing, scientist, job, knn, ep"
k-gin1qfzi0,How To Build A Word Cloud From Scraped Data (Python),61,24,2794,11.73247636512618,US,722.6831190912816,"episode, project, reviewing, scientist, job, knn, ep"
qUK5Vk4NvBw,#66DaysOfData Round 3 Live Event! (feat. @StatQuest with Josh Starmer),133,10,2038,4.701063645843374,IN,546.4252659114609,"episode, project, reviewing, scientist, job, knn, ep"
smeFkHwnM_k,Welcome To My Channel | Ken Jee | Data Science,30,47,1225,55.06869390163328,US,339.2671734754083,"episode, project, reviewing, scientist, job, knn, ep"
FBgs-BSTIJE,Demystifying Data Science Roles,47,7,978,57.02006185146831,US,272.25501546286705,"episode, project, reviewing, scientist, job, knn, ep"
Yr5T3T4tq-g,Most Data Science Hopefuls Overlook This Important Skill,44,5,548,60.090691773809525,US,164.2726729434524,"episode, project, reviewing, scientist, job, knn, ep"
j-Z-je6K4Yg,IT'S NOT TOO LATE TO LEARN CODE!,35,7,721,62.00150833838154,US,206.25037708459536,"episode, project, reviewing, scientist, job, knn, ep"
5jntoZX-Tc8,NASA Physicist Turned Data Scientist (Tim Bowling) - KNN EP. 02,38,3,1094,16.755924754780693,US,287.93898118869515,"ep, knn, job, episode, scientist, project, reviewing"
5p73cIRYCZg,ProjectDemoCSC478_UFCFightData,1,0,60,8.393247649162044,US,17.348311912290512,"episode, project, reviewing, scientist, job, knn, ep"
kRlxTJSPKK8,Natanael Cano || BZRP Music Sessions #59,"natanael, cano, bzrp, music, session",6792927,1133388,22000000,US
cc2-4ci4G84,Discord Loot Boxes are here.,"discord, loot, box",1406570143,173011,1480000,US
t7abcqBXe6Y,I let Twitch Chat make their own D&D campaign,"let, twitch, chat, make, campaign",800785,51168,2550000,US
nk8xQFO7kMs,"GloRilla on Drake, Future, LeBron, Damian Lillard, Kai Cenat, DJ Akademiks, Beyonc√© & Cardi B","glorilla, drake, future, lebron, damian, lillard, kai, cenat, akademiks, beyonc√©, cardi",1068622,33561,3040000,US
Bh_eQmUu-Ww,"The Really Good Podcast | Ari the Don: ""If it ain't sneezing, it ain't seasoned""","really, good, podcast, ari, aint, sneezing, aint, seasoned",269940,11983,1250000,US
phGAeWcsSw8,GOTTA SEE IT: Rangers And Devils Engage In A Line Brawl Moments After Puck Drop,"got, see, ranger, devil, engage, line, brawl, moment, puck, drop",492424,5767,963000,US
Hg-V75MCJQE,Dwayne Johnson and Roman Reigns on Going Up Against Cody Rhodes and Seth Rollins in WrestleMania XL,"dwayne, johnson, roman, reign, going, cody, rhodes, seth, rollins, wrestlemania",812442,32790,31500000,US
i2PATuQAleI,Best Friends Admit Who's Cheated,"best, friend, admit, who, cheated",198989,12254,426000,US
tURSsWJ_-Lw,üö® BILLS TRADE STEFON DIGGS TO TEXANS üö® Stephen A. Smith reacts! | First Take,"bill, trade, stefon, diggs, texan, stephen, smith, reacts, first, take",388532,6099,412000,US
xlbnI3bG5R0,I Melted Every Candy Into One (ft. Ryan Trahan),"melted, every, candy, one, ryan, trahan",419366,14979,555000,US
RB-RcX5DS5A,Coldplay - The Scientist (Official 4K Video),"coldplay, scientist, official, video",1194828181,6026387,26100000,US
vPwaXytZcgI,TWICE ‚ÄúSCIENTIST‚Äù M/V,"twice, scientist",154442935,3170973,28900000,US
c1VNAUqwREY,Coldplay - The Scientist (HQ),"coldplay, scientist",2804582,17656,2080,US
mIw1ZQRLeeA,The Scientist - Coldplay (Lyrics) üéµ,"scientist, coldplay, lyric",1967735,13175,3270000,US
rLm_aSP369M,Coldplay - The Scientist (Live in Madrid 2011),"coldplay, scientist, live, madrid",241045404,792107,26100000,US
yw20p3dzceI,The Scientist (lyrics) - Coldplay,"scientist, lyric, coldplay",25237207,70951,135000,US
QvR5JX6hsmE,Mariah the Scientist - Spread Thin (Audio),"mariah, scientist, spread, thin, audio",30862831,92812,12600,US
FWjMQ-XY2XY,"TWICE ""SCIENTIST"" Choreography Video (Moving Ver.)","twice, scientist, choreography, video, moving, ver",47786391,773670,17100000,US
hUSqTW21Xl8,"TWICE ""SCIENTIST"" Choreography Video","twice, scientist, choreography, video",9471101,455868,17100000,US
QSVfXaFNFho,@coldplay - The Scientist (Lyrics),"coldplay, scientist, lyric",2903947,18067,2860000,US
8XOg-9pz2AQ,Chase McDaniel - Project (Audio),"chase, mcdaniel, project, audio",1405359,13055,290,US
gAAcLMKDzko,Chase McDaniel - Project (Official Music Video),"chase, mcdaniel, project, official, music, video",1533622,18271,290,US
ahu5GJC2dpo,"The Wild Project #276 - Mia Skylar (Chica Trans) | Operaci√≥n de cambio, Hormonas, Pol√©mica Ley Trans","wild, project, mia, skylar, chica, trans, operaci√≥n, cambio, hormonas, pol√©mica, ley, trans",119296,6774,5100000,US
gka4a06wusY,Rylo Rodriguez - Project Baby (Official Video) CBFW RECORDS‚Ñ¢,"rylo, rodriguez, project, baby, official, video, cbfw, record",21692792,133455,695000,US
5yej9tIOkqo,No One is Coming,"one, coming",520866,35948,1050000,US
BllSn2MJ97k,On the Take,take,395381,31443,1050000,US
R6BpMbCQ1Cw,THE STUDIO PROJECT - ‡∏û‡∏±‡∏Å‡πÉ‡∏à [Official Audio],"studio, project, ‡∏û‡∏Å‡πÉ‡∏à, official, audio",46953227,236609,498000,US
CVFkvTKfcqk,Project X Pursuit Of Happiness,"project, pursuit, happiness",216153793,1244036,99000,US
JMH3t5md2wM,Science project for class 7th students working model easy science exhibition projects class,"science, project, class, student, working, model, easy, science, exhibition, project, class",7307790,843759,2550000,US
AsjceOmqA1o,Science project for class 7th students working model easy science exhibition projects class,"science, project, class, student, working, model, easy, science, exhibition, project, class",3883898,443795,2550000,US
xYp_B0LgsiI,Drag Race Season 16 Episode 14 First Lewk üìï RuPaul‚Äôs Drag Race,"drag, race, season, episode, first, lewk, rupauls, drag, race",104499,6650,1300000,US
NLbTMLoQxLg,playing episode causes me physical pain,"playing, episode, cause, physical, pain",394528,14151,609000,US
ifU5zLphuic,PLAYING EPISODE | PRIVATE LESSONS,"playing, episode, private, lesson",469892,9152,143000,US
H0HnnwGNi50,playing episode until i lose my will to live,"playing, episode, lose, live",301167,9823,609000,US
6uy08zr887I,Episode stays,"episode, stay",67215,3991,143000,US
EOqw86OGIB0,MURDER DRONES - Episode 7: Mass Destruction,"murder, drone, episode, mass, destruction",8837873,583532,8460000,US
SEE52HU_hlM,üü¢ LIVE | Lyla in the Loop | NEW SHOW Full Episode Compilation | PBS KIDS,"live, lyla, loop, new, show, full, episode, compilation, pb, kid",430939,2206,2310000,US
fF7fAobWBaU,Aaina | 4 April 2024 | Full Episode 100 | ‡§Ü‡§à‡§®‡§æ |  | Dangal TV,"aaina, april, full, episode, ‡§Ü‡§à‡§®, dangal",1913817,35852,30800000,US
9AM492JH_s4,Dalchini | New Show | Full Episode 130 | 4 April 2024 | ‡§¶‡§æ‡§≤‡§ö‡•Ä‡§®‡•Ä | Dangal TV,"dalchini, new, show, full, episode, april, ‡§¶‡§≤‡§ö‡§®, dangal",467355,10338,30800000,US
k4F0L5igFe8,Peppa Pig's Clubhouse - LIVE üè† BRAND NEW PEPPA PIG EPISODES ‚≠êÔ∏è,"peppa, pig, clubhouse, live, brand, new, peppa, pig, episode",26081,203,34500000,US
ZFhA26rPNy4,I Rated Places With 0 Reviews,"rated, place, review",3909816,345868,294000,US
VIwwE1QrsWw,I Tested 1-Star Restaurants,"tested, star, restaurant",17211246,437468,15200000,US
L3DDHp5yU-g,Reviewing $2 Temu Slimes üß° Slime Ratings & Unboxing,"reviewing, temu, slime, slime, rating, unboxing",195388,3690,589000,US
31HzqPcH2GM,Reviewing School Food,"reviewing, school, food",12117128,163901,1810000,US
HbfHYDEajBQ,Reviewing Famous Slime Shops.. living my slime fantasy because i am an adult and i am allowed,"reviewing, famous, slime, shop, living, slime, fantasy, adult, allowed",1059150,36434,476000,US
LzPTDRcK2_c,Reviewing TEMU SLIME So You Don't Have To... ü§î,"reviewing, temu, slime, dont",428356,6704,1660000,US
MtKHkjCFJHY,RUTHLESS REVIEW of KHY by Kylie Jenner,"ruthless, review, khy, kylie, jenner",2242895,55624,1010000,US
peloHl5sb4I,1 Year Japan Review (0 - 10) üëèüëè,"year, japan, review",2910011,170614,111000000,US
OKqt8Yr7qAM,Reviewing Beyonc√©'s ‚ÄòCOWBOY CARTER‚Äô | Rap Life Review,"reviewing, beyonc√©s, cowboy, carter, rap, life, review",6912,550,1090000,US
48wdllGYYys,Reviewing My Cat After 1 Year,"reviewing, cat, year",1773369,95842,245000,US
xQwnH8th_fs,Book of Job Summary: A Complete Animated Overview,"book, job, summary, complete, animated, overview",4757087,81840,4180000,US
GswSg2ohqmA,The Book of Job's Wisdom on How God Runs the World,"book, job, wisdom, god, run, world",10108522,300560,4180000,US
tP8tZLjqOxY,My Name Is Job And This Is My Story.,"name, job, story",957495,11008,1830000,US
1JrJuT3rF3I,The Book of Job (KJV) üìú The Ultimate Test Of Faith | Full Audiobook with Text,"book, job, kjv, ultimate, test, faith, full, audiobook, text",155984,1914,182000,US
ugsRzHMIF2o,Jobs and Occupations - Vocabulary for Kids - Compilation,"job, occupation, vocabulary, kid, compilation",1400718,9384,1010000,US
fB-8SIEv1yI,Superbook - Job - Season 2 Episode 8 Full Episode (Official HD Version),"superbook, job, season, episode, full, episode, official, version",2163806,15257,2930000,US
oLGRDk5lugA,Job Gonz√°lez - Estar Contigo (Video Oficial),"job, gonz√°lez, estar, contigo, video, oficial",38309500,116180,89700,US
mL3Wn6JY64c,Wat Is Er Mis Met Bob In Brookhaven RP!üè°,"wat, mi, met, bob, brookhaven",58285,6581,1170000,US
zv5UvtkZi10,The Animated Bible Series | Season 1 | Episode 3 | Job | Michael Arias,"animated, bible, series, season, episode, job, michael, aria",3176880,62244,1340000,US
ZxaL2p9IZ6E,JOB (Cover) - Michelle Matius ft. Math√≠as Ch√°vez,"job, cover, michelle, matius, math√≠as, ch√°vez",535112,4652,180000,US
d4HFW8In7s4,[Eng Sub] ‡∏£‡∏±‡∏Å‡πÅ‡∏£‡∏Å‡πÇ‡∏Ñ‡∏ï‡∏£‡∏•‡∏∑‡∏°‡∏¢‡∏≤‡∏Å The Series | EP.3 [1/4],"eng, sub, ‡∏£‡∏Å‡πÅ‡∏£‡∏Å‡πÇ‡∏Ñ‡∏ï‡∏£‡∏•‡∏°‡∏¢‡∏≤‡∏Å, series",26988,1457,17400000,US
YHwUmMl1crE,J. Cole - Heaven's EP (Official Music Video),"cole, heaven, official, music, video",29197167,750745,7320000,US
QoFXxOUxb7E,The Wall Song ‡∏£‡πâ‡∏≠‡∏á‡∏Ç‡πâ‡∏≤‡∏°‡∏Å‡∏≥‡πÅ‡∏û‡∏á | EP.187 | ‡∏ä‡∏°‡∏û‡∏π‡πà ‡∏ò‡∏±‡∏ì‡∏¢‡πå‡∏™‡∏¥‡∏ï‡∏≤ | 4 ‡πÄ‡∏°.‡∏¢. 67 [5/5],"wall, song, ‡∏£‡∏≠‡∏á‡∏Ç‡∏≤‡∏°‡∏Å‡∏≥‡πÅ‡∏û‡∏á, ‡∏ä‡∏°‡∏û, ‡∏ò‡∏ì‡∏¢‡∏™‡∏ï‡∏≤, ‡πÄ‡∏°‡∏¢",21736,506,40600000,US
1ylXxbLMw-Q,‡πÄ‡∏™‡∏ô‡πà‡∏´‡πå‡∏¢‡∏≤‡πÅ‡∏ù‡∏î‡∏≠‡∏≠‡∏Å‡∏§‡∏ó‡∏ò‡∏¥‡πå ‡∏ó‡∏≥‡∏£‡πâ‡∏≠‡∏ô‡∏£‡∏ô‡∏à‡∏ô‡∏≠‡∏î‡πÉ‡∏à‡πÑ‡∏°‡πà‡πÑ‡∏´‡∏ß! | Highlight ‡∏Ñ‡∏π‡πà‡∏û‡∏£‡∏∞‡∏Ñ‡∏π‡πà‡∏ô‡∏≤‡∏á Ep.13 | 4 ‡πÄ‡∏°.‡∏¢. 67 | one31,"‡πÄ‡∏™‡∏ô‡∏´‡∏¢‡∏≤‡πÅ‡∏ù‡∏î‡∏≠‡∏≠‡∏Å‡∏§‡∏ó‡∏ò, ‡∏ó‡∏≥‡∏£‡∏≠‡∏ô‡∏£‡∏ô‡∏à‡∏ô‡∏≠‡∏î‡πÉ‡∏à‡πÑ‡∏°‡πÑ‡∏´‡∏ß, highlight, ‡∏Ñ‡∏û‡∏£‡∏∞‡∏Ñ‡∏ô‡∏≤‡∏á, ‡πÄ‡∏°‡∏¢, one",25300,236,39700000,US
S1sIG5ONOJk,"Rah e Junoon - Ep 22 [CC] 04 Apr 24 Sponsored By Happilac Paints, Nisa Collagen Booster & Mothercare","rah, junoon, apr, sponsored, happilac, paint, nisa, collagen, booster, mothercare",1590684,69957,37200000,US
XvaGs5APJm4,"Ep#3: Quarantine Part 3 - WE'RE FREE! (Well, almost...)","quarantine, part, free, well, almost",35479620,114838,2050000,US
ymS3Exhl5j0,Chakkappazham 2‚îÇComedy Series‚îÇEP# 414,"chakkappazham, comedy, seriesep",176823,6916,13200000,US
DaNQkq7Yxls,‡πÄ‡∏Å‡∏£‡∏≤‡∏∞‡∏ô‡∏û‡∏£‡∏±‡∏ï‡∏ô‡πå‡∏•‡πà‡∏≠‡∏ï‡∏≤ ‡∏à‡∏ô‡∏¢‡∏≠‡∏°‡πÄ‡∏õ‡πá‡∏ô‡∏•‡∏π‡∏Å‡πÑ‡∏•‡πà‡∏Ç‡∏≠‡∏á‡∏Ñ‡∏ß‡∏≤‡∏¢ | Highlight Ep.27 ‡∏†‡∏π‡∏•‡∏±‡∏á‡∏Å‡∏≤ | 4 ‡πÄ‡∏°.‡∏¢. 67 | one31,"‡πÄ‡∏Å‡∏£‡∏≤‡∏∞‡∏ô‡∏û‡∏£‡∏ï‡∏ô‡∏•‡∏≠‡∏ï‡∏≤, ‡∏à‡∏ô‡∏¢‡∏≠‡∏°‡πÄ‡∏õ‡∏ô‡∏•‡∏Å‡πÑ‡∏•‡∏Ç‡∏≠‡∏á‡∏Ñ‡∏ß‡∏≤‡∏¢, highlight, ‡∏†‡∏•‡∏á‡∏Å‡∏≤, ‡πÄ‡∏°‡∏¢, one",49476,872,39700000,US
QFdLgfy63cc,Peppa Pig Season 1 Episode 1 - Muddy Puddles - Cartoons for Children,"peppa, pig, season, episode, muddy, puddle, cartoon, child",37936616,112795,8120000,US
WAN7vDaQOoA,"Rah e Junoon - Teaser Ep 23 - 04 Apr 24, Happilac Paints, Nisa Collagen Booster & Mothercare, HUM TV","rah, junoon, teaser, apr, happilac, paint, nisa, collagen, booster, mothercare, hum",637986,18920,37200000,US
0p0o5cmgLdE,K Nearest Neighbors | Intuitive explained | Machine Learning Basics,"nearest, neighbor, intuitive, explained, machine, learning, basic",142568,2749,14700,US
HVXime0nQeI,"StatQuest: K-nearest neighbors, Clearly Explained","statquest, knearest, neighbor, clearly, explained",571601,10777,1140000,US
4HKqjENq9OU,KNN Algorithm In Machine Learning | KNN Algorithm Using Python | K Nearest Neighbor | Simplilearn,"knn, algorithm, machine, learning, knn, algorithm, using, python, nearest, neighbor, simplilearn",548529,7870,3890000,US
nFrHZqvdI3o,WARKA DUHUR EE KNN 04 04 2024,"warka, duhur, knn",3819,129,243000,US
O1nWXTXcCwI,Lec-7: kNN Classification with Real Life Example | Movie Imdb Example | Supervised Learning,"lec, knn, classification, real, life, example, movie, imdb, example, supervised, learning",169498,3748,1840000,US
rTEtEy5o3X0,How to implement KNN from scratch with Python,"implement, knn, scratch, python",69787,1447,126000,US
Pqo9o0286Qs,Machine Learning | K-Nearest Neighbor (KNN),"machine, learning, knearest, neighbor, knn",106239,1318,52500,US
rdLgKcXW8ys,KNN in Python From Scratch! Machine Learning Tutorial,"knn, python, scratch, machine, learning, tutorial",15856,889,126000,US
Vk9lGGODaJA,1. Solved Numerical Example of KNN Classifier to classify New Instance IRIS Example by Mahesh Huddar,"solved, numerical, example, knn, classifier, classify, new, instance, iris, example, mahesh, huddar",290288,3794,69400,US
VvMGARQLdfM,WARKA HABEEN EE KNN 02 04 2024,"warka, habeen, knn",3274,103,243000,US
